{
  "project_info": {
    "project_number": "1057646524093",
    "project_id": "login-b447c",
    "storage_bucket": "login-b447c.appspot.com"
  },
  "client": [
    {
      "client_info": {
        "mobilesdk_app_id": "1:1057646524093:android:52fdf3bbe23a533e3169d4",
        "android_client_info": {
          "package_name": "com.example.login"
        }
      },
      "oauth_client": [],
      "api_key": [
        {
          "current_key": "AIzaSyCIypIejySIbZOYVsGmDY6zbRuCF10hLXU"
        }
      ],
      "services": {
        "appinvite_service": {
          "other_platform_oauth_client": []
        }
      }
    }
  ],
  "configuration_version": "1"
}